"Taxa","MPA","Source","Resp","Mean","SE","Model","Primary","Type","LinearBefore","Step0_Complete","Step1_SiteMerge","Step1_Reason","Step2_TypeFilter","Step2_Reason","Step3_MPAFilter","Step3_Reason","Passes_All","Exclusion_Reason"
"M. franciscanus","Naples SMCA","LTER","Den",1.1894701037097,0.395236662858306,"Step","Y","BACI","N",TRUE,TRUE,"OK",FALSE,"BACI type not included",TRUE,"OK",FALSE,"BACI type not included"
"M. franciscanus","Naples SMCA","LTER","Bio",1.09843151724292,0.205651030739821,"Mean","Y","CI","NA",TRUE,TRUE,"OK",TRUE,"OK",TRUE,"OK",TRUE,"INCLUDED"
"M. pyrifera","Naples SMCA","LTER","Bio",3.71294985947691,1.0927172774133,"Linear","Y","pBACIPS","N",TRUE,TRUE,"OK",TRUE,"OK",TRUE,"OK",TRUE,"INCLUDED"
"M. pyrifera","Campus Point SMCA","LTER","Bio",1.77885118910995,0.527349383470427,"Linear","Y","pBACIPS","N",TRUE,TRUE,"OK",TRUE,"OK",TRUE,"OK",TRUE,"INCLUDED"
"S. pulcher","Campus Point SMCA","LTER","Den",-0.535937351127661,0.693692771086583,"Linear","Y","pBACIPS","N",TRUE,TRUE,"OK",TRUE,"OK",TRUE,"OK",TRUE,"INCLUDED"
"S. pulcher","Campus Point SMCA","LTER","Bio",-2.23535873718328,1.63328582350108,"Linear","Y","pBACIPS","N",TRUE,TRUE,"OK",TRUE,"OK",TRUE,"OK",TRUE,"INCLUDED"
"P. interruptus","Campus Point SMCA","LTER","Den",-0.055264484635128,0.231363567012316,"Mean","Y","CI","NA",TRUE,TRUE,"OK",TRUE,"OK",TRUE,"OK",TRUE,"INCLUDED"
"P. interruptus","Naples SMCA","LTER","Den",0.558605399030711,0.298595644474414,"Mean","Y","CI","NA",TRUE,TRUE,"OK",TRUE,"OK",TRUE,"OK",TRUE,"INCLUDED"
"P. interruptus","Campus Point SMCA","LTER","Bio",1.65621669519275,0.700682617586032,"Linear","Y","pBACIPS","N",TRUE,TRUE,"OK",TRUE,"OK",TRUE,"OK",TRUE,"INCLUDED"
"P. interruptus","Naples SMCA","LTER","Bio",0.848073376893467,0.313601986954013,"Mean","Y","CI","NA",TRUE,TRUE,"OK",TRUE,"OK",TRUE,"OK",TRUE,"INCLUDED"
"M. franciscanus","Abalone Cove SMCA","PISCO","Den",-2.41617028824843,0.348117740360168,"Linear","Y","CI","NA",TRUE,TRUE,"OK",TRUE,"OK",TRUE,"OK",TRUE,"INCLUDED"
"M. franciscanus","Abalone Cove SMCA","PISCO","Den",0.671715632050657,0.254819664649864,"Mean","N","CI","NA",TRUE,TRUE,"OK",FALSE,"CI but Primary=N (not the selected model)",TRUE,"OK",FALSE,"CI but Primary=N (not the selected model)"
"M. franciscanus","Anacapa Island SMR 2003","PISCO","Den",-1.22790073669812,0.258016575422269,"Linear","Y","CI","NA",TRUE,TRUE,"OK",TRUE,"OK",TRUE,"OK",TRUE,"INCLUDED"
"M. franciscanus","Anacapa Island SMR 2003","PISCO","Den",-1.50590669128412,0.184175202401525,"Mean","N","CI","NA",TRUE,TRUE,"OK",FALSE,"CI but Primary=N (not the selected model)",TRUE,"OK",FALSE,"CI but Primary=N (not the selected model)"
"M. franciscanus","Campus Point SMCA","PISCO","Den",-1.04477485216778,0.3685622006935,"Linear","Y","CI","NA",TRUE,TRUE,"OK",TRUE,"OK",TRUE,"OK",TRUE,"INCLUDED"
"M. franciscanus","Campus Point SMCA","PISCO","Den",0.134943691641814,0.15518254246289,"Mean","N","CI","NA",TRUE,TRUE,"OK",FALSE,"CI but Primary=N (not the selected model)",TRUE,"OK",FALSE,"CI but Primary=N (not the selected model)"
"M. franciscanus","Gull Island SMR","PISCO","Den",-0.890842125685581,0.362707726614915,"Linear","Y","CI","NA",TRUE,TRUE,"OK",TRUE,"OK",TRUE,"OK",TRUE,"INCLUDED"
"M. franciscanus","Gull Island SMR","PISCO","Den",-0.719208786417669,0.218469956563597,"Mean","N","CI","NA",TRUE,TRUE,"OK",FALSE,"CI but Primary=N (not the selected model)",TRUE,"OK",FALSE,"CI but Primary=N (not the selected model)"
"M. franciscanus","Harris Point SMR","PISCO","Den",-0.275682634172156,0.200442657969648,"Linear","N","CI","NA",TRUE,TRUE,"OK",FALSE,"CI but Primary=N (not the selected model)",TRUE,"OK",FALSE,"CI but Primary=N (not the selected model)"
"M. franciscanus","Harris Point SMR","PISCO","Den",0.533128917141583,0.115688703729682,"Mean","Y","CI","NA",TRUE,TRUE,"OK",TRUE,"OK",TRUE,"OK",TRUE,"INCLUDED"
"M. franciscanus","Matlahuayl SMR","PISCO","Den",-6.3229948141728,1.06615959875972,"Linear","Y","CI","NA",TRUE,TRUE,"OK",TRUE,"OK",TRUE,"OK",TRUE,"INCLUDED"
"M. franciscanus","Matlahuayl SMR","PISCO","Den",-1.70210569013064,1.06282252038514,"Mean","N","CI","NA",TRUE,TRUE,"OK",FALSE,"CI but Primary=N (not the selected model)",TRUE,"OK",FALSE,"CI but Primary=N (not the selected model)"
"M. franciscanus","Naples SMCA","PISCO","Den",-0.129326594918102,0.505972984043896,"Linear","N","CI","NA",TRUE,TRUE,"OK",FALSE,"CI but Primary=N (not the selected model)",TRUE,"OK",FALSE,"CI but Primary=N (not the selected model)"
"M. franciscanus","Naples SMCA","PISCO","Den",1.06940405086207,0.165320511301322,"Mean","Y","CI","NA",TRUE,TRUE,"OK",TRUE,"OK",TRUE,"OK",TRUE,"INCLUDED"
"M. franciscanus","Point Vicente SMCA","PISCO","Den",0.24963689222668,0.353831160872117,"Linear","N","CI","NA",TRUE,TRUE,"OK",FALSE,"CI but Primary=N (not the selected model)",TRUE,"OK",FALSE,"CI but Primary=N (not the selected model)"
"M. franciscanus","Point Vicente SMCA","PISCO","Den",0.200397776833367,0.123389785960522,"Mean","Y","CI","NA",TRUE,TRUE,"OK",TRUE,"OK",TRUE,"OK",TRUE,"INCLUDED"
"M. franciscanus","Scorpion SMR","PISCO","Den",-0.456895059585838,0.157458799529481,"Linear","Y","CI","NA",TRUE,TRUE,"OK",TRUE,"OK",TRUE,"OK",TRUE,"INCLUDED"
"M. franciscanus","Scorpion SMR","PISCO","Den",-0.205782927936226,0.0973324385073938,"Mean","N","CI","NA",TRUE,TRUE,"OK",FALSE,"CI but Primary=N (not the selected model)",TRUE,"OK",FALSE,"CI but Primary=N (not the selected model)"
"M. franciscanus","South Point SMR","PISCO","Den",-0.552263084628642,0.371148495294326,"Linear","N","CI","NA",TRUE,TRUE,"OK",FALSE,"CI but Primary=N (not the selected model)",TRUE,"OK",FALSE,"CI but Primary=N (not the selected model)"
"M. franciscanus","South Point SMR","PISCO","Den",0.575850767882471,0.184155331939181,"Mean","Y","CI","NA",TRUE,TRUE,"OK",TRUE,"OK",TRUE,"OK",TRUE,"INCLUDED"
"M. franciscanus","Abalone Cove SMCA","PISCO","Bio",-1.61486929670893,0.491414507549368,"Linear","Y","CI","NA",TRUE,TRUE,"OK",TRUE,"OK",TRUE,"OK",TRUE,"INCLUDED"
"M. franciscanus","Abalone Cove SMCA","PISCO","Bio",0.521249375283151,0.218328511372008,"Mean","N","CI","NA",TRUE,TRUE,"OK",FALSE,"CI but Primary=N (not the selected model)",TRUE,"OK",FALSE,"CI but Primary=N (not the selected model)"
"M. franciscanus","Campus Point SMCA","PISCO","Bio",-1.09096927640614,1.14461382326955,"Linear","N","CI","NA",TRUE,TRUE,"OK",FALSE,"CI but Primary=N (not the selected model)",TRUE,"OK",FALSE,"CI but Primary=N (not the selected model)"
"M. franciscanus","Campus Point SMCA","PISCO","Bio",-0.258775227592432,0.380339430420156,"Mean","Y","CI","NA",TRUE,TRUE,"OK",TRUE,"OK",TRUE,"OK",TRUE,"INCLUDED"
"M. franciscanus","Gull Island SMR","PISCO","Bio",-0.969750513481791,0.581417122006765,"Linear","N","CI","NA",TRUE,TRUE,"OK",FALSE,"CI but Primary=N (not the selected model)",TRUE,"OK",FALSE,"CI but Primary=N (not the selected model)"
"M. franciscanus","Gull Island SMR","PISCO","Bio",0.247049344073146,0.29229878868216,"Mean","Y","CI","NA",TRUE,TRUE,"OK",TRUE,"OK",TRUE,"OK",TRUE,"INCLUDED"
"M. franciscanus","Harris Point SMR","PISCO","Bio",-0.453698706397829,0.271235053604264,"Linear","N","CI","NA",TRUE,TRUE,"OK",FALSE,"CI but Primary=N (not the selected model)",TRUE,"OK",FALSE,"CI but Primary=N (not the selected model)"
"M. franciscanus","Harris Point SMR","PISCO","Bio",0.0102947984512919,0.149666289975376,"Mean","Y","CI","NA",TRUE,TRUE,"OK",TRUE,"OK",TRUE,"OK",TRUE,"INCLUDED"
"M. franciscanus","Naples SMCA","PISCO","Bio",0.0681154115720896,0.782064355735899,"Linear","N","CI","NA",TRUE,TRUE,"OK",FALSE,"CI but Primary=N (not the selected model)",TRUE,"OK",FALSE,"CI but Primary=N (not the selected model)"
"M. franciscanus","Naples SMCA","PISCO","Bio",1.2056411635753,0.246907282973845,"Mean","Y","CI","NA",TRUE,TRUE,"OK",TRUE,"OK",TRUE,"OK",TRUE,"INCLUDED"
"M. franciscanus","Point Vicente SMCA","PISCO","Bio",0.512843162790594,0.342496225870976,"Linear","N","CI","NA",TRUE,TRUE,"OK",FALSE,"CI but Primary=N (not the selected model)",TRUE,"OK",FALSE,"CI but Primary=N (not the selected model)"
"M. franciscanus","Point Vicente SMCA","PISCO","Bio",0.25490397693051,0.126047023525603,"Mean","Y","CI","NA",TRUE,TRUE,"OK",TRUE,"OK",TRUE,"OK",TRUE,"INCLUDED"
"M. franciscanus","Scorpion SMR","PISCO","Bio",0.0711149922766543,0.311679447938644,"Linear","N","CI","NA",TRUE,TRUE,"OK",FALSE,"CI but Primary=N (not the selected model)",TRUE,"OK",FALSE,"CI but Primary=N (not the selected model)"
"M. franciscanus","Scorpion SMR","PISCO","Bio",0.065602183629134,0.147741142013368,"Mean","Y","CI","NA",TRUE,TRUE,"OK",TRUE,"OK",TRUE,"OK",TRUE,"INCLUDED"
"M. franciscanus","South Point SMR","PISCO","Bio",-0.204929184181085,0.518008497932387,"Linear","N","CI","NA",TRUE,TRUE,"OK",FALSE,"CI but Primary=N (not the selected model)",TRUE,"OK",FALSE,"CI but Primary=N (not the selected model)"
"M. franciscanus","South Point SMR","PISCO","Bio",1.20226112452234,0.214285978723988,"Mean","Y","CI","NA",TRUE,TRUE,"OK",TRUE,"OK",TRUE,"OK",TRUE,"INCLUDED"
"S. purpuratus","Abalone Cove SMCA","PISCO","Den",-2.81347723991224,1.18709158763241,"Linear","Y","CI","NA",TRUE,TRUE,"OK",TRUE,"OK",TRUE,"OK",TRUE,"INCLUDED"
"S. purpuratus","Abalone Cove SMCA","PISCO","Den",0.629659782171377,0.460477335356764,"Mean","N","CI","NA",TRUE,TRUE,"OK",FALSE,"CI but Primary=N (not the selected model)",TRUE,"OK",FALSE,"CI but Primary=N (not the selected model)"
"S. purpuratus","Anacapa Island SMR 2003","PISCO","Den",-2.21787468139861,0.40299656405552,"Linear","Y","CI","NA",TRUE,TRUE,"OK",TRUE,"OK",TRUE,"OK",TRUE,"INCLUDED"
"S. purpuratus","Anacapa Island SMR 2003","PISCO","Den",-1.83891321380505,0.31622964933244,"Mean","N","CI","NA",TRUE,TRUE,"OK",FALSE,"CI but Primary=N (not the selected model)",TRUE,"OK",FALSE,"CI but Primary=N (not the selected model)"
"S. purpuratus","Campus Point SMCA","PISCO","Den",-2.58226415373602,0.50352210744834,"Linear","Y","CI","NA",TRUE,TRUE,"OK",TRUE,"OK",TRUE,"OK",TRUE,"INCLUDED"
"S. purpuratus","Campus Point SMCA","PISCO","Den",-0.149960409310888,0.293123497534175,"Mean","N","CI","NA",TRUE,TRUE,"OK",FALSE,"CI but Primary=N (not the selected model)",TRUE,"OK",FALSE,"CI but Primary=N (not the selected model)"
"S. purpuratus","Gull Island SMR","PISCO","Den",-1.69961169291499,0.460528928714854,"Linear","Y","CI","NA",TRUE,TRUE,"OK",TRUE,"OK",TRUE,"OK",TRUE,"INCLUDED"
"S. purpuratus","Gull Island SMR","PISCO","Den",-0.756605247158938,0.325716385758802,"Mean","N","CI","NA",TRUE,TRUE,"OK",FALSE,"CI but Primary=N (not the selected model)",TRUE,"OK",FALSE,"CI but Primary=N (not the selected model)"
"S. purpuratus","Harris Point SMR","PISCO","Den",0.316023440820197,0.394792251787761,"Linear","N","CI","NA",TRUE,TRUE,"OK",FALSE,"CI but Primary=N (not the selected model)",TRUE,"OK",FALSE,"CI but Primary=N (not the selected model)"
"S. purpuratus","Harris Point SMR","PISCO","Den",-0.388001794366191,0.219261590777002,"Mean","Y","CI","NA",TRUE,TRUE,"OK",TRUE,"OK",TRUE,"OK",TRUE,"INCLUDED"
"S. purpuratus","Matlahuayl SMR","PISCO","Den",-2.37768921993019,0.42924006026979,"Linear","Y","CI","NA",TRUE,TRUE,"OK",TRUE,"OK",TRUE,"OK",TRUE,"INCLUDED"
"S. purpuratus","Matlahuayl SMR","PISCO","Den",-1.54176833003167,0.403284019737629,"Mean","N","CI","NA",TRUE,TRUE,"OK",FALSE,"CI but Primary=N (not the selected model)",TRUE,"OK",FALSE,"CI but Primary=N (not the selected model)"
"S. purpuratus","Naples SMCA","PISCO","Den",0.647617666263341,0.421500029810029,"Linear","N","CI","NA",TRUE,TRUE,"OK",FALSE,"CI but Primary=N (not the selected model)",TRUE,"OK",FALSE,"CI but Primary=N (not the selected model)"
"S. purpuratus","Naples SMCA","PISCO","Den",-0.575966561952304,0.150250287585591,"Mean","Y","CI","NA",TRUE,TRUE,"OK",TRUE,"OK",TRUE,"OK",TRUE,"INCLUDED"
"S. purpuratus","Point Vicente SMCA","PISCO","Den",-0.526316253824345,1.08049571519284,"Linear","N","CI","NA",TRUE,TRUE,"OK",FALSE,"CI but Primary=N (not the selected model)",TRUE,"OK",FALSE,"CI but Primary=N (not the selected model)"
"S. purpuratus","Point Vicente SMCA","PISCO","Den",-0.347221422213013,0.373142302899854,"Mean","Y","CI","NA",TRUE,TRUE,"OK",TRUE,"OK",TRUE,"OK",TRUE,"INCLUDED"
"S. purpuratus","Scorpion SMR","PISCO","Den",-1.46479826541099,0.330855293371953,"Linear","Y","CI","NA",TRUE,TRUE,"OK",TRUE,"OK",TRUE,"OK",TRUE,"INCLUDED"
"S. purpuratus","Scorpion SMR","PISCO","Den",-1.06957952539252,0.243985740326616,"Mean","N","CI","NA",TRUE,TRUE,"OK",FALSE,"CI but Primary=N (not the selected model)",TRUE,"OK",FALSE,"CI but Primary=N (not the selected model)"
"S. purpuratus","South Point SMR","PISCO","Den",-1.41045465476555,0.393452651505518,"Linear","Y","CI","NA",TRUE,TRUE,"OK",TRUE,"OK",TRUE,"OK",TRUE,"INCLUDED"
"S. purpuratus","South Point SMR","PISCO","Den",0.376013951310252,0.251224536838632,"Mean","N","CI","NA",TRUE,TRUE,"OK",FALSE,"CI but Primary=N (not the selected model)",TRUE,"OK",FALSE,"CI but Primary=N (not the selected model)"
"S. purpuratus","Abalone Cove SMCA","PISCO","Bio",-2.21599538710342,1.33439917254356,"Linear","N","CI","NA",TRUE,TRUE,"OK",FALSE,"CI but Primary=N (not the selected model)",TRUE,"OK",FALSE,"CI but Primary=N (not the selected model)"
"S. purpuratus","Abalone Cove SMCA","PISCO","Bio",0.212894721304602,0.470983798878652,"Mean","Y","CI","NA",TRUE,TRUE,"OK",TRUE,"OK",TRUE,"OK",TRUE,"INCLUDED"
"S. purpuratus","Campus Point SMCA","PISCO","Bio",-1.76743769202537,0.699238370773006,"Linear","Y","CI","NA",TRUE,TRUE,"OK",TRUE,"OK",TRUE,"OK",TRUE,"INCLUDED"
"S. purpuratus","Campus Point SMCA","PISCO","Bio",-0.487088759017799,0.284795427939273,"Mean","N","CI","NA",TRUE,TRUE,"OK",FALSE,"CI but Primary=N (not the selected model)",TRUE,"OK",FALSE,"CI but Primary=N (not the selected model)"
"S. purpuratus","Gull Island SMR","PISCO","Bio",-1.5177742943479,0.490686500140444,"Linear","Y","CI","NA",TRUE,TRUE,"OK",TRUE,"OK",TRUE,"OK",TRUE,"INCLUDED"
"S. purpuratus","Gull Island SMR","PISCO","Bio",-0.30285234754652,0.294989642183965,"Mean","N","CI","NA",TRUE,TRUE,"OK",FALSE,"CI but Primary=N (not the selected model)",TRUE,"OK",FALSE,"CI but Primary=N (not the selected model)"
"S. purpuratus","Harris Point SMR","PISCO","Bio",0.12069010217988,0.480654874850163,"Linear","N","CI","NA",TRUE,TRUE,"OK",FALSE,"CI but Primary=N (not the selected model)",TRUE,"OK",FALSE,"CI but Primary=N (not the selected model)"
"S. purpuratus","Harris Point SMR","PISCO","Bio",-1.03843647144045,0.241175465467824,"Mean","Y","CI","NA",TRUE,TRUE,"OK",TRUE,"OK",TRUE,"OK",TRUE,"INCLUDED"
"S. purpuratus","Naples SMCA","PISCO","Bio",0.483827301791175,0.48088561362763,"Linear","N","CI","NA",TRUE,TRUE,"OK",FALSE,"CI but Primary=N (not the selected model)",TRUE,"OK",FALSE,"CI but Primary=N (not the selected model)"
"S. purpuratus","Naples SMCA","PISCO","Bio",-0.72670966059602,0.158598738354546,"Mean","Y","CI","NA",TRUE,TRUE,"OK",TRUE,"OK",TRUE,"OK",TRUE,"INCLUDED"
"S. purpuratus","Point Vicente SMCA","PISCO","Bio",0.413158192818415,0.847939402895508,"Linear","N","CI","NA",TRUE,TRUE,"OK",FALSE,"CI but Primary=N (not the selected model)",TRUE,"OK",FALSE,"CI but Primary=N (not the selected model)"
"S. purpuratus","Point Vicente SMCA","PISCO","Bio",-0.484646815533553,0.289267204193494,"Mean","Y","CI","NA",TRUE,TRUE,"OK",TRUE,"OK",TRUE,"OK",TRUE,"INCLUDED"
"S. purpuratus","Scorpion SMR","PISCO","Bio",-0.952137163179474,0.382182953103518,"Linear","Y","CI","NA",TRUE,TRUE,"OK",TRUE,"OK",TRUE,"OK",TRUE,"INCLUDED"
"S. purpuratus","Scorpion SMR","PISCO","Bio",-0.632084261282812,0.213078981895718,"Mean","N","CI","NA",TRUE,TRUE,"OK",FALSE,"CI but Primary=N (not the selected model)",TRUE,"OK",FALSE,"CI but Primary=N (not the selected model)"
"S. purpuratus","South Point SMR","PISCO","Bio",-1.38624633655589,0.532030559917707,"Linear","Y","CI","NA",TRUE,TRUE,"OK",TRUE,"OK",TRUE,"OK",TRUE,"INCLUDED"
"S. purpuratus","South Point SMR","PISCO","Bio",0.513643637075221,0.273615827156734,"Mean","N","CI","NA",TRUE,TRUE,"OK",FALSE,"CI but Primary=N (not the selected model)",TRUE,"OK",FALSE,"CI but Primary=N (not the selected model)"
"M. pyrifera","Abalone Cove SMCA","PISCO","Bio",1.5405059683522,1.31274482202763,"Linear","N","CI","NA",TRUE,TRUE,"OK",FALSE,"CI but Primary=N (not the selected model)",TRUE,"OK",FALSE,"CI but Primary=N (not the selected model)"
"M. pyrifera","Abalone Cove SMCA","PISCO","Bio",0.0928980342612576,0.439476004644354,"Mean","Y","CI","NA",TRUE,TRUE,"OK",TRUE,"OK",TRUE,"OK",TRUE,"INCLUDED"
"M. pyrifera","Anacapa Island SMR 2003","PISCO","Bio",0.338748560562214,0.915582453147783,"Linear","N","CI","NA",TRUE,TRUE,"OK",FALSE,"CI but Primary=N (not the selected model)",TRUE,"OK",FALSE,"CI but Primary=N (not the selected model)"
"M. pyrifera","Anacapa Island SMR 2003","PISCO","Bio",1.53602595034663,0.405912387528616,"Mean","Y","CI","NA",TRUE,TRUE,"OK",TRUE,"OK",TRUE,"OK",TRUE,"INCLUDED"
"M. pyrifera","Campus Point SMCA","PISCO","Bio",1.61689033836503,0.634315487054725,"Linear","Y","CI","NA",TRUE,TRUE,"OK",TRUE,"OK",TRUE,"OK",TRUE,"INCLUDED"
"M. pyrifera","Campus Point SMCA","PISCO","Bio",0.293138701706993,0.256621098122136,"Mean","N","CI","NA",TRUE,TRUE,"OK",FALSE,"CI but Primary=N (not the selected model)",TRUE,"OK",FALSE,"CI but Primary=N (not the selected model)"
"M. pyrifera","Gull Island SMR","PISCO","Bio",1.67565957137715,0.51084824568536,"Linear","Y","CI","NA",TRUE,TRUE,"OK",TRUE,"OK",TRUE,"OK",TRUE,"INCLUDED"
"M. pyrifera","Gull Island SMR","PISCO","Bio",0.565070816359997,0.342082348965497,"Mean","N","CI","NA",TRUE,TRUE,"OK",FALSE,"CI but Primary=N (not the selected model)",TRUE,"OK",FALSE,"CI but Primary=N (not the selected model)"
"M. pyrifera","Harris Point SMR","PISCO","Bio",0.500827090260547,0.622194236877845,"Linear","N","CI","NA",TRUE,TRUE,"OK",FALSE,"CI but Primary=N (not the selected model)",TRUE,"OK",FALSE,"CI but Primary=N (not the selected model)"
"M. pyrifera","Harris Point SMR","PISCO","Bio",-0.566388352444474,0.345636207842392,"Mean","Y","CI","NA",TRUE,TRUE,"OK",TRUE,"OK",TRUE,"OK",TRUE,"INCLUDED"
"M. pyrifera","Matlahuayl SMR","PISCO","Bio",2.47707240760637,1.21247973768889,"Linear","N","CI","NA",TRUE,TRUE,"OK",FALSE,"CI but Primary=N (not the selected model)",TRUE,"OK",FALSE,"CI but Primary=N (not the selected model)"
"M. pyrifera","Matlahuayl SMR","PISCO","Bio",1.96203786047965,0.577594938538668,"Mean","Y","CI","NA",TRUE,TRUE,"OK",TRUE,"OK",TRUE,"OK",TRUE,"INCLUDED"
"M. pyrifera","Naples SMCA","PISCO","Bio",1.14083339484761,0.547080311552906,"Linear","N","CI","NA",TRUE,TRUE,"OK",FALSE,"CI but Primary=N (not the selected model)",TRUE,"OK",FALSE,"CI but Primary=N (not the selected model)"
"M. pyrifera","Naples SMCA","PISCO","Bio",-0.715160809149469,0.208075142390672,"Mean","Y","CI","NA",TRUE,TRUE,"OK",TRUE,"OK",TRUE,"OK",TRUE,"INCLUDED"
"M. pyrifera","Point Vicente SMCA","PISCO","Bio",0.364753503765323,0.96367682049375,"Linear","N","CI","NA",TRUE,TRUE,"OK",FALSE,"CI but Primary=N (not the selected model)",TRUE,"OK",FALSE,"CI but Primary=N (not the selected model)"
"M. pyrifera","Point Vicente SMCA","PISCO","Bio",-0.528666845775013,0.331615794072522,"Mean","Y","CI","NA",TRUE,TRUE,"OK",TRUE,"OK",TRUE,"OK",TRUE,"INCLUDED"
"M. pyrifera","Scorpion SMR","PISCO","Bio",2.5680403778635,0.611798420693381,"Linear","Y","CI","NA",TRUE,TRUE,"OK",TRUE,"OK",TRUE,"OK",TRUE,"INCLUDED"
"M. pyrifera","Scorpion SMR","PISCO","Bio",2.57565847871493,0.439113683837387,"Mean","N","CI","NA",TRUE,TRUE,"OK",FALSE,"CI but Primary=N (not the selected model)",TRUE,"OK",FALSE,"CI but Primary=N (not the selected model)"
"M. pyrifera","South Point SMR","PISCO","Bio",1.14903531109365,0.543701358889321,"Linear","N","CI","NA",TRUE,TRUE,"OK",FALSE,"CI but Primary=N (not the selected model)",TRUE,"OK",FALSE,"CI but Primary=N (not the selected model)"
"M. pyrifera","South Point SMR","PISCO","Bio",0.597685618416086,0.287899117992049,"Mean","Y","CI","NA",TRUE,TRUE,"OK",TRUE,"OK",TRUE,"OK",TRUE,"INCLUDED"
"P. interruptus","Abalone Cove SMCA","PISCO","Den",2.1968767563385,1.28698529648582,"Linear","N","CI","NA",TRUE,TRUE,"OK",FALSE,"CI but Primary=N (not the selected model)",TRUE,"OK",FALSE,"CI but Primary=N (not the selected model)"
"P. interruptus","Abalone Cove SMCA","PISCO","Den",-0.888501606427588,0.45681704395618,"Mean","Y","CI","NA",TRUE,TRUE,"OK",TRUE,"OK",TRUE,"OK",TRUE,"INCLUDED"
"P. interruptus","Anacapa Island SMR 2003","PISCO","Den",-0.981411593837646,0.47090389815757,"Linear","N","CI","NA",TRUE,TRUE,"OK",FALSE,"CI but Primary=N (not the selected model)",TRUE,"OK",FALSE,"CI but Primary=N (not the selected model)"
"P. interruptus","Anacapa Island SMR 2003","PISCO","Den",2.08486886339505,0.237810545474044,"Mean","Y","CI","NA",TRUE,TRUE,"OK",TRUE,"OK",TRUE,"OK",TRUE,"INCLUDED"
"P. interruptus","Campus Point SMCA","PISCO","Den",2.3747333068447,0.774830306602016,"Linear","Y","CI","NA",TRUE,TRUE,"OK",TRUE,"OK",TRUE,"OK",TRUE,"INCLUDED"
"P. interruptus","Campus Point SMCA","PISCO","Den",1.9610271044934,0.337112535310189,"Mean","N","CI","NA",TRUE,TRUE,"OK",FALSE,"CI but Primary=N (not the selected model)",TRUE,"OK",FALSE,"CI but Primary=N (not the selected model)"
"P. interruptus","Gull Island SMR","PISCO","Den",0.802031562860217,0.697144532892927,"Linear","N","CI","NA",TRUE,TRUE,"OK",FALSE,"CI but Primary=N (not the selected model)",TRUE,"OK",FALSE,"CI but Primary=N (not the selected model)"
"P. interruptus","Gull Island SMR","PISCO","Den",2.10338474550649,0.367257903228888,"Mean","Y","CI","NA",TRUE,TRUE,"OK",TRUE,"OK",TRUE,"OK",TRUE,"INCLUDED"
"P. interruptus","Harris Point SMR","PISCO","Den",0.693628317322497,0.264098858179429,"Linear","Y","CI","NA",TRUE,TRUE,"OK",TRUE,"OK",TRUE,"OK",TRUE,"INCLUDED"
"P. interruptus","Harris Point SMR","PISCO","Den",0.433059444191749,0.173553441721934,"Mean","N","CI","NA",TRUE,TRUE,"OK",FALSE,"CI but Primary=N (not the selected model)",TRUE,"OK",FALSE,"CI but Primary=N (not the selected model)"
"P. interruptus","Matlahuayl SMR","PISCO","Den",-0.797254973650058,1.00737727694007,"Linear","N","CI","NA",TRUE,TRUE,"OK",FALSE,"CI but Primary=N (not the selected model)",TRUE,"OK",FALSE,"CI but Primary=N (not the selected model)"
"P. interruptus","Matlahuayl SMR","PISCO","Den",-0.109144843978447,0.375820204104144,"Mean","Y","CI","NA",TRUE,TRUE,"OK",TRUE,"OK",TRUE,"OK",TRUE,"INCLUDED"
"P. interruptus","Naples SMCA","PISCO","Den",-0.5830470807039,0.90010571752719,"Linear","N","CI","NA",TRUE,TRUE,"OK",FALSE,"CI but Primary=N (not the selected model)",TRUE,"OK",FALSE,"CI but Primary=N (not the selected model)"
"P. interruptus","Naples SMCA","PISCO","Den",0.610412903447725,0.298384907711769,"Mean","Y","CI","NA",TRUE,TRUE,"OK",TRUE,"OK",TRUE,"OK",TRUE,"INCLUDED"
"P. interruptus","Point Vicente SMCA","PISCO","Den",1.95922608972684,0.987487693365842,"Linear","N","CI","NA",TRUE,TRUE,"OK",FALSE,"CI but Primary=N (not the selected model)",TRUE,"OK",FALSE,"CI but Primary=N (not the selected model)"
"P. interruptus","Point Vicente SMCA","PISCO","Den",-0.28802944974392,0.38574044946365,"Mean","Y","CI","NA",TRUE,TRUE,"OK",TRUE,"OK",TRUE,"OK",TRUE,"INCLUDED"
"P. interruptus","Scorpion SMR","PISCO","Den",0.220330680323442,0.499086640248926,"Linear","N","CI","NA",TRUE,TRUE,"OK",FALSE,"CI but Primary=N (not the selected model)",TRUE,"OK",FALSE,"CI but Primary=N (not the selected model)"
"P. interruptus","Scorpion SMR","PISCO","Den",2.63532213348811,0.256021858912652,"Mean","Y","CI","NA",TRUE,TRUE,"OK",TRUE,"OK",TRUE,"OK",TRUE,"INCLUDED"
"P. interruptus","South Point SMR","PISCO","Den",2.57563465799428,0.420150267903034,"Linear","Y","CI","NA",TRUE,TRUE,"OK",TRUE,"OK",TRUE,"OK",TRUE,"INCLUDED"
"P. interruptus","South Point SMR","PISCO","Den",1.50247064453415,0.371823144929608,"Mean","N","CI","NA",TRUE,TRUE,"OK",FALSE,"CI but Primary=N (not the selected model)",TRUE,"OK",FALSE,"CI but Primary=N (not the selected model)"
"P. interruptus","Abalone Cove SMCA","PISCO","Bio",3.44054034702899,1.68206109953748,"Linear","N","CI","NA",TRUE,TRUE,"OK",FALSE,"CI but Primary=N (not the selected model)",TRUE,"OK",FALSE,"CI but Primary=N (not the selected model)"
"P. interruptus","Abalone Cove SMCA","PISCO","Bio",-1.6739979745077,0.599413150201335,"Mean","Y","CI","NA",TRUE,TRUE,"OK",TRUE,"OK",TRUE,"OK",TRUE,"INCLUDED"
"P. interruptus","Campus Point SMCA","PISCO","Bio",2.96831006680995,0.907209932700748,"Linear","Y","CI","NA",TRUE,TRUE,"OK",TRUE,"OK",TRUE,"OK",TRUE,"INCLUDED"
"P. interruptus","Campus Point SMCA","PISCO","Bio",2.33084588326764,0.406632578171846,"Mean","N","CI","NA",TRUE,TRUE,"OK",FALSE,"CI but Primary=N (not the selected model)",TRUE,"OK",FALSE,"CI but Primary=N (not the selected model)"
"P. interruptus","Matlahuayl SMR","PISCO","Bio",-1.73512212585539,1.6688654068713,"Linear","N","CI","NA",TRUE,TRUE,"OK",FALSE,"CI but Primary=N (not the selected model)",TRUE,"OK",FALSE,"CI but Primary=N (not the selected model)"
"P. interruptus","Matlahuayl SMR","PISCO","Bio",0.231679371084299,0.647266408757467,"Mean","Y","CI","NA",TRUE,TRUE,"OK",TRUE,"OK",TRUE,"OK",TRUE,"INCLUDED"
"P. interruptus","Naples SMCA","PISCO","Bio",-0.795730649764693,1.29995101753077,"Linear","N","CI","NA",TRUE,TRUE,"OK",FALSE,"CI but Primary=N (not the selected model)",TRUE,"OK",FALSE,"CI but Primary=N (not the selected model)"
"P. interruptus","Naples SMCA","PISCO","Bio",1.14760594018068,0.430154064263363,"Mean","Y","CI","NA",TRUE,TRUE,"OK",TRUE,"OK",TRUE,"OK",TRUE,"INCLUDED"
"P. interruptus","Point Vicente SMCA","PISCO","Bio",2.02587051182345,1.3663419686431,"Linear","N","CI","NA",TRUE,TRUE,"OK",FALSE,"CI but Primary=N (not the selected model)",TRUE,"OK",FALSE,"CI but Primary=N (not the selected model)"
"P. interruptus","Point Vicente SMCA","PISCO","Bio",0.392444950794584,0.478623357857883,"Mean","Y","CI","NA",TRUE,TRUE,"OK",TRUE,"OK",TRUE,"OK",TRUE,"INCLUDED"
"S. pulcher","Abalone Cove SMCA","PISCO","Den",1.48079359108793,0.58184253853584,"Linear","Y","CI","NA",TRUE,TRUE,"OK",TRUE,"OK",TRUE,"OK",TRUE,"INCLUDED"
"S. pulcher","Abalone Cove SMCA","PISCO","Den",0.0924721766851486,0.235261967004226,"Mean","N","CI","NA",TRUE,TRUE,"OK",FALSE,"CI but Primary=N (not the selected model)",TRUE,"OK",FALSE,"CI but Primary=N (not the selected model)"
"S. pulcher","Anacapa Island SMR 2003","PISCO","Den",-0.677759043550749,0.26727097604618,"Linear","Y","CI","NA",TRUE,TRUE,"OK",TRUE,"OK",TRUE,"OK",TRUE,"INCLUDED"
"S. pulcher","Anacapa Island SMR 2003","PISCO","Den",0.120231181261829,0.163969106520515,"Mean","N","CI","NA",TRUE,TRUE,"OK",FALSE,"CI but Primary=N (not the selected model)",TRUE,"OK",FALSE,"CI but Primary=N (not the selected model)"
"S. pulcher","Campus Point SMCA","PISCO","Den",-0.0858949376877592,0.725880317146871,"Linear","N","CI","NA",TRUE,TRUE,"OK",FALSE,"CI but Primary=N (not the selected model)",TRUE,"OK",FALSE,"CI but Primary=N (not the selected model)"
"S. pulcher","Campus Point SMCA","PISCO","Den",-0.0571432848385101,0.241208444876979,"Mean","Y","CI","NA",TRUE,TRUE,"OK",TRUE,"OK",TRUE,"OK",TRUE,"INCLUDED"
"S. pulcher","Gull Island SMR","PISCO","Den",0.318445895268216,0.0959001556706563,"Linear","Y","CI","NA",TRUE,TRUE,"OK",TRUE,"OK",TRUE,"OK",TRUE,"INCLUDED"
"S. pulcher","Gull Island SMR","PISCO","Den",1.21819058558171,0.0668615712637581,"Mean","N","CI","NA",TRUE,TRUE,"OK",FALSE,"CI but Primary=N (not the selected model)",TRUE,"OK",FALSE,"CI but Primary=N (not the selected model)"
"S. pulcher","Harris Point SMR","PISCO","Den",-0.587639442317993,0.469868286281089,"Linear","N","CI","NA",TRUE,TRUE,"OK",FALSE,"CI but Primary=N (not the selected model)",TRUE,"OK",FALSE,"CI but Primary=N (not the selected model)"
"S. pulcher","Harris Point SMR","PISCO","Den",1.53123165813869,0.268550019116056,"Mean","Y","CI","NA",TRUE,TRUE,"OK",TRUE,"OK",TRUE,"OK",TRUE,"INCLUDED"
"S. pulcher","Matlahuayl SMR","PISCO","Den",-1.19436239652246,0.80895139962792,"Linear","N","CI","NA",TRUE,TRUE,"OK",FALSE,"CI but Primary=N (not the selected model)",TRUE,"OK",FALSE,"CI but Primary=N (not the selected model)"
"S. pulcher","Matlahuayl SMR","PISCO","Den",0.107930457806417,0.340922150429864,"Mean","Y","CI","NA",TRUE,TRUE,"OK",TRUE,"OK",TRUE,"OK",TRUE,"INCLUDED"
"S. pulcher","Naples SMCA","PISCO","Den",-0.0222343382528595,0.472695727523969,"Linear","N","CI","NA",TRUE,TRUE,"OK",FALSE,"CI but Primary=N (not the selected model)",TRUE,"OK",FALSE,"CI but Primary=N (not the selected model)"
"S. pulcher","Naples SMCA","PISCO","Den",1.63664976583868,0.157004591267164,"Mean","Y","CI","NA",TRUE,TRUE,"OK",TRUE,"OK",TRUE,"OK",TRUE,"INCLUDED"
"S. pulcher","Point Vicente SMCA","PISCO","Den",0.589883300230154,0.28484466197354,"Linear","N","CI","NA",TRUE,TRUE,"OK",FALSE,"CI but Primary=N (not the selected model)",TRUE,"OK",FALSE,"CI but Primary=N (not the selected model)"
"S. pulcher","Point Vicente SMCA","PISCO","Den",0.328883130680745,0.108338480980156,"Mean","Y","CI","NA",TRUE,TRUE,"OK",TRUE,"OK",TRUE,"OK",TRUE,"INCLUDED"
"S. pulcher","Scorpion SMR","PISCO","Den",-0.0825270282897703,0.13253391251412,"Linear","N","CI","NA",TRUE,TRUE,"OK",FALSE,"CI but Primary=N (not the selected model)",TRUE,"OK",FALSE,"CI but Primary=N (not the selected model)"
"S. pulcher","Scorpion SMR","PISCO","Den",0.0884490360075388,0.0683466939315155,"Mean","Y","CI","NA",TRUE,TRUE,"OK",TRUE,"OK",TRUE,"OK",TRUE,"INCLUDED"
"S. pulcher","South Point SMR","PISCO","Den",-0.0880169032282711,0.174421253748411,"Linear","N","CI","NA",TRUE,TRUE,"OK",FALSE,"CI but Primary=N (not the selected model)",TRUE,"OK",FALSE,"CI but Primary=N (not the selected model)"
"S. pulcher","South Point SMR","PISCO","Den",0.524347210341634,0.0896215449722186,"Mean","Y","CI","NA",TRUE,TRUE,"OK",TRUE,"OK",TRUE,"OK",TRUE,"INCLUDED"
"S. pulcher","Blue Cavern Onshore SMCA","PISCO","Den",-1.85432581728008,0.745835178262756,"Linear","Y","CI","NA",TRUE,TRUE,"OK",TRUE,"OK",TRUE,"OK",TRUE,"INCLUDED"
"S. pulcher","Blue Cavern Onshore SMCA","PISCO","Den",0.991057683720847,0.36177036773082,"Mean","N","CI","NA",TRUE,TRUE,"OK",FALSE,"CI but Primary=N (not the selected model)",TRUE,"OK",FALSE,"CI but Primary=N (not the selected model)"
"S. pulcher","Cat Harbor SMCA","PISCO","Den",0.0335116786968823,0.515473011589662,"Linear","N","CI","NA",TRUE,TRUE,"OK",FALSE,"CI but Primary=N (not the selected model)",TRUE,"OK",FALSE,"CI but Primary=N (not the selected model)"
"S. pulcher","Cat Harbor SMCA","PISCO","Den",0.412347565960189,0.188866130752651,"Mean","Y","CI","NA",TRUE,TRUE,"OK",TRUE,"OK",TRUE,"OK",TRUE,"INCLUDED"
"S. pulcher","Dana Point SMCA","PISCO","Den",-1.35050248006115,1.51373589499487,"Linear","N","CI","NA",TRUE,TRUE,"OK",FALSE,"CI but Primary=N (not the selected model)",TRUE,"OK",FALSE,"CI but Primary=N (not the selected model)"
"S. pulcher","Dana Point SMCA","PISCO","Den",-0.33917023393051,0.573175657100994,"Mean","Y","CI","NA",TRUE,TRUE,"OK",TRUE,"OK",TRUE,"OK",TRUE,"INCLUDED"
"S. pulcher","Farnsworth Onshore SMCA","PISCO","Den",-0.392150141861733,0.167082645255013,"Linear","N","CI","NA",TRUE,TRUE,"OK",FALSE,"CI but Primary=N (not the selected model)",TRUE,"OK",FALSE,"CI but Primary=N (not the selected model)"
"S. pulcher","Farnsworth Onshore SMCA","PISCO","Den",0.0311280546678489,0.0947751931663312,"Mean","Y","CI","NA",TRUE,TRUE,"OK",TRUE,"OK",TRUE,"OK",TRUE,"INCLUDED"
"S. pulcher","Long Point SMR","PISCO","Den",0.676887345032766,0.594143286726399,"Linear","N","CI","NA",TRUE,TRUE,"OK",FALSE,"CI but Primary=N (not the selected model)",TRUE,"OK",FALSE,"CI but Primary=N (not the selected model)"
"S. pulcher","Long Point SMR","PISCO","Den",0.628724551821441,0.2230656059203,"Mean","Y","CI","NA",TRUE,TRUE,"OK",TRUE,"OK",TRUE,"OK",TRUE,"INCLUDED"
"S. pulcher","Santa Barbara Island SMR","PISCO","Den",0.000644597667980988,0.166867827886721,"Linear","N","CI","NA",TRUE,TRUE,"OK",FALSE,"CI but Primary=N (not the selected model)",TRUE,"OK",FALSE,"CI but Primary=N (not the selected model)"
"S. pulcher","Santa Barbara Island SMR","PISCO","Den",-0.103523086118193,0.104943754368414,"Mean","Y","CI","NA",TRUE,TRUE,"OK",TRUE,"OK",TRUE,"OK",TRUE,"INCLUDED"
"S. pulcher","Swamis SMCA","PISCO","Den",1.99905187080976,1.62136423929217,"Linear","N","CI","NA",TRUE,TRUE,"OK",FALSE,"CI but Primary=N (not the selected model)",TRUE,"OK",FALSE,"CI but Primary=N (not the selected model)"
"S. pulcher","Swamis SMCA","PISCO","Den",2.13900679420512,0.651155072161477,"Mean","Y","CI","NA",TRUE,TRUE,"OK",TRUE,"OK",TRUE,"OK",TRUE,"INCLUDED"
"S. pulcher","Abalone Cove SMCA","PISCO","Bio",2.35333338832931,0.91394094814147,"Linear","Y","CI","NA",TRUE,TRUE,"OK",TRUE,"OK",TRUE,"OK",TRUE,"INCLUDED"
"S. pulcher","Abalone Cove SMCA","PISCO","Bio",-0.190571974393389,0.371071324478768,"Mean","N","CI","NA",TRUE,TRUE,"OK",FALSE,"CI but Primary=N (not the selected model)",TRUE,"OK",FALSE,"CI but Primary=N (not the selected model)"
"S. pulcher","Anacapa Island SMR 2003","PISCO","Bio",-0.0841287831750729,0.24832413752056,"Linear","N","CI","NA",TRUE,TRUE,"OK",FALSE,"CI but Primary=N (not the selected model)",TRUE,"OK",FALSE,"CI but Primary=N (not the selected model)"
"S. pulcher","Anacapa Island SMR 2003","PISCO","Bio",0.378255322810763,0.130203807086084,"Mean","Y","CI","NA",TRUE,TRUE,"OK",TRUE,"OK",TRUE,"OK",TRUE,"INCLUDED"
"S. pulcher","Campus Point SMCA","PISCO","Bio",-0.313324586317165,0.829132699446126,"Linear","N","CI","NA",TRUE,TRUE,"OK",FALSE,"CI but Primary=N (not the selected model)",TRUE,"OK",FALSE,"CI but Primary=N (not the selected model)"
"S. pulcher","Campus Point SMCA","PISCO","Bio",0.088600222440882,0.276879057076399,"Mean","Y","CI","NA",TRUE,TRUE,"OK",TRUE,"OK",TRUE,"OK",TRUE,"INCLUDED"
"S. pulcher","Gull Island SMR","PISCO","Bio",0.629671775063508,0.142483744649979,"Linear","Y","CI","NA",TRUE,TRUE,"OK",TRUE,"OK",TRUE,"OK",TRUE,"INCLUDED"
"S. pulcher","Gull Island SMR","PISCO","Bio",1.01896514313059,0.11295730672779,"Mean","N","CI","NA",TRUE,TRUE,"OK",FALSE,"CI but Primary=N (not the selected model)",TRUE,"OK",FALSE,"CI but Primary=N (not the selected model)"
"S. pulcher","Harris Point SMR","PISCO","Bio",-1.4365151693267,1.05994986428967,"Linear","N","CI","NA",TRUE,TRUE,"OK",FALSE,"CI but Primary=N (not the selected model)",TRUE,"OK",FALSE,"CI but Primary=N (not the selected model)"
"S. pulcher","Harris Point SMR","PISCO","Bio",2.52548915039614,0.610772300474635,"Mean","Y","CI","NA",TRUE,TRUE,"OK",TRUE,"OK",TRUE,"OK",TRUE,"INCLUDED"
"S. pulcher","Matlahuayl SMR","PISCO","Bio",-1.93206975021195,0.949444343705291,"Linear","N","CI","NA",TRUE,TRUE,"OK",FALSE,"CI but Primary=N (not the selected model)",TRUE,"OK",FALSE,"CI but Primary=N (not the selected model)"
"S. pulcher","Matlahuayl SMR","PISCO","Bio",0.319144598866381,0.451483265048137,"Mean","Y","CI","NA",TRUE,TRUE,"OK",TRUE,"OK",TRUE,"OK",TRUE,"INCLUDED"
"S. pulcher","Naples SMCA","PISCO","Bio",0.265905417239192,0.612462401026293,"Linear","N","CI","NA",TRUE,TRUE,"OK",FALSE,"CI but Primary=N (not the selected model)",TRUE,"OK",FALSE,"CI but Primary=N (not the selected model)"
"S. pulcher","Naples SMCA","PISCO","Bio",2.05121144139474,0.204879764797799,"Mean","Y","CI","NA",TRUE,TRUE,"OK",TRUE,"OK",TRUE,"OK",TRUE,"INCLUDED"
"S. pulcher","Point Vicente SMCA","PISCO","Bio",1.27272736874076,0.379958803729627,"Linear","Y","CI","NA",TRUE,TRUE,"OK",TRUE,"OK",TRUE,"OK",TRUE,"INCLUDED"
"S. pulcher","Point Vicente SMCA","PISCO","Bio",0.603518519656653,0.167390244683842,"Mean","N","CI","NA",TRUE,TRUE,"OK",FALSE,"CI but Primary=N (not the selected model)",TRUE,"OK",FALSE,"CI but Primary=N (not the selected model)"
"S. pulcher","Scorpion SMR","PISCO","Bio",-0.0971773565642801,0.131589113483162,"Linear","N","CI","NA",TRUE,TRUE,"OK",FALSE,"CI but Primary=N (not the selected model)",TRUE,"OK",FALSE,"CI but Primary=N (not the selected model)"
"S. pulcher","Scorpion SMR","PISCO","Bio",0.510219487231127,0.0681497138598007,"Mean","Y","CI","NA",TRUE,TRUE,"OK",TRUE,"OK",TRUE,"OK",TRUE,"INCLUDED"
"S. pulcher","South Point SMR","PISCO","Bio",-0.197740525796402,0.205352312303816,"Linear","N","CI","NA",TRUE,TRUE,"OK",FALSE,"CI but Primary=N (not the selected model)",TRUE,"OK",FALSE,"CI but Primary=N (not the selected model)"
"S. pulcher","South Point SMR","PISCO","Bio",0.841340159656647,0.107440886130272,"Mean","Y","CI","NA",TRUE,TRUE,"OK",TRUE,"OK",TRUE,"OK",TRUE,"INCLUDED"
"S. pulcher","Blue Cavern Onshore SMCA","PISCO","Bio",-2.71065168301582,1.15787898594392,"Linear","N","CI","NA",TRUE,TRUE,"OK",FALSE,"CI but Primary=N (not the selected model)",TRUE,"OK",FALSE,"CI but Primary=N (not the selected model)"
"S. pulcher","Blue Cavern Onshore SMCA","PISCO","Bio",1.67150469576155,0.545237148392157,"Mean","Y","CI","NA",TRUE,TRUE,"OK",TRUE,"OK",TRUE,"OK",TRUE,"INCLUDED"
"S. pulcher","Cat Harbor SMCA","PISCO","Bio",0.0463204609394506,0.416107198023196,"Linear","N","CI","NA",TRUE,TRUE,"OK",FALSE,"CI but Primary=N (not the selected model)",TRUE,"OK",FALSE,"CI but Primary=N (not the selected model)"
"S. pulcher","Cat Harbor SMCA","PISCO","Bio",0.663044470837762,0.152562741446916,"Mean","Y","CI","NA",TRUE,TRUE,"OK",TRUE,"OK",TRUE,"OK",TRUE,"INCLUDED"
"S. pulcher","Dana Point SMCA","PISCO","Bio",-1.53862888210758,2.1655727974903,"Linear","N","CI","NA",TRUE,TRUE,"OK",FALSE,"CI but Primary=N (not the selected model)",TRUE,"OK",FALSE,"CI but Primary=N (not the selected model)"
"S. pulcher","Dana Point SMCA","PISCO","Bio",-0.0999950571962442,0.799132283638559,"Mean","Y","CI","NA",TRUE,TRUE,"OK",TRUE,"OK",TRUE,"OK",TRUE,"INCLUDED"
"S. pulcher","Farnsworth Onshore SMCA","PISCO","Bio",-0.783697536519111,0.531884813371436,"Linear","N","CI","NA",TRUE,TRUE,"OK",FALSE,"CI but Primary=N (not the selected model)",TRUE,"OK",FALSE,"CI but Primary=N (not the selected model)"
"S. pulcher","Farnsworth Onshore SMCA","PISCO","Bio",0.380494869850156,0.24305273608277,"Mean","Y","CI","NA",TRUE,TRUE,"OK",TRUE,"OK",TRUE,"OK",TRUE,"INCLUDED"
"S. pulcher","Long Point SMR","PISCO","Bio",1.57858123354077,0.88945734124061,"Linear","N","CI","NA",TRUE,TRUE,"OK",FALSE,"CI but Primary=N (not the selected model)",TRUE,"OK",FALSE,"CI but Primary=N (not the selected model)"
"S. pulcher","Long Point SMR","PISCO","Bio",1.52774430369948,0.373914824774826,"Mean","Y","CI","NA",TRUE,TRUE,"OK",TRUE,"OK",TRUE,"OK",TRUE,"INCLUDED"
"S. pulcher","Santa Barbara Island SMR","PISCO","Bio",0.565992214335597,0.130227096571101,"Linear","Y","CI","NA",TRUE,TRUE,"OK",TRUE,"OK",TRUE,"OK",TRUE,"INCLUDED"
"S. pulcher","Santa Barbara Island SMR","PISCO","Bio",0.141580485122774,0.150151789297049,"Mean","N","CI","NA",TRUE,TRUE,"OK",FALSE,"CI but Primary=N (not the selected model)",TRUE,"OK",FALSE,"CI but Primary=N (not the selected model)"
"S. pulcher","Swamis SMCA","PISCO","Bio",2.71441500577665,1.84382717664601,"Linear","N","CI","NA",TRUE,TRUE,"OK",FALSE,"CI but Primary=N (not the selected model)",TRUE,"OK",FALSE,"CI but Primary=N (not the selected model)"
"S. pulcher","Swamis SMCA","PISCO","Bio",3.08363626189205,0.776375705361621,"Mean","Y","CI","NA",TRUE,TRUE,"OK",TRUE,"OK",TRUE,"OK",TRUE,"INCLUDED"
"S. purpuratus","Santa Barbara Island SMR","KFM","Den",1.99244511245005,0.303334766379451,"Step","Y","BACI","N",TRUE,TRUE,"OK",FALSE,"BACI type not included",TRUE,"OK",FALSE,"BACI type not included"
"S. purpuratus","Anacapa Island SMR 2003","KFM","Den",-2.61730776896941,0.809736915686561,"Linear","Y","CI","NA",TRUE,TRUE,"OK",TRUE,"OK",TRUE,"OK",TRUE,"INCLUDED"
"S. purpuratus","Anacapa Island SMR 2003","KFM","Den",-3.58887743561927,0.472173342489995,"Mean","N","CI","NA",TRUE,TRUE,"OK",FALSE,"CI but Primary=N (not the selected model)",TRUE,"OK",FALSE,"CI but Primary=N (not the selected model)"
"S. purpuratus","South Point SMR","KFM","Den",-1.30686405152692,0.259716023998378,"Linear","Y","CI","NA",TRUE,TRUE,"OK",TRUE,"OK",TRUE,"OK",TRUE,"INCLUDED"
"S. purpuratus","South Point SMR","KFM","Den",-0.0441979522249265,0.19063030379216,"Mean","N","CI","NA",TRUE,TRUE,"OK",FALSE,"CI but Primary=N (not the selected model)",TRUE,"OK",FALSE,"CI but Primary=N (not the selected model)"
"S. purpuratus","Anacapa Island SMR 2003","KFM","Bio",-2.24542950659313,0.82482011713088,"Linear","Y","CI","NA",TRUE,TRUE,"OK",TRUE,"OK",TRUE,"OK",TRUE,"INCLUDED"
"S. purpuratus","Anacapa Island SMR 2003","KFM","Bio",-3.36010641132835,0.451360445669609,"Mean","N","CI","NA",TRUE,TRUE,"OK",FALSE,"CI but Primary=N (not the selected model)",TRUE,"OK",FALSE,"CI but Primary=N (not the selected model)"
"S. purpuratus","South Point SMR","KFM","Bio",-0.95058732438157,0.288757618116059,"Linear","Y","CI","NA",TRUE,TRUE,"OK",TRUE,"OK",TRUE,"OK",TRUE,"INCLUDED"
"S. purpuratus","South Point SMR","KFM","Bio",0.0351440852465781,0.169663816815289,"Mean","N","CI","NA",TRUE,TRUE,"OK",FALSE,"CI but Primary=N (not the selected model)",TRUE,"OK",FALSE,"CI but Primary=N (not the selected model)"
"M. franciscanus","Scorpion SMR","KFM","Den",-0.622103592405959,0.205535197727714,"Step","Y","BACI","N",TRUE,TRUE,"OK",FALSE,"BACI type not included",TRUE,"OK",FALSE,"BACI type not included"
"M. franciscanus","Gull Island SMR","KFM","Den",0.430712882939926,0.365251878038315,"Step","Y","BACI","N",TRUE,TRUE,"OK",FALSE,"BACI type not included",TRUE,"OK",FALSE,"BACI type not included"
"M. franciscanus","Harris Point SMR","KFM","Den",-0.532298880127284,0.368118910811718,"Linear","Y","pBACIPS","N",TRUE,TRUE,"OK",TRUE,"OK",TRUE,"OK",TRUE,"INCLUDED"
"M. franciscanus","Anacapa Island SMR 2003","KFM","Den",-2.73578986503017,0.430226651268085,"Linear","Y","CI","NA",TRUE,TRUE,"OK",TRUE,"OK",TRUE,"OK",TRUE,"INCLUDED"
"M. franciscanus","Anacapa Island SMR 2003","KFM","Den",-2.76001206723561,0.370277457888874,"Mean","N","CI","NA",TRUE,TRUE,"OK",FALSE,"CI but Primary=N (not the selected model)",TRUE,"OK",FALSE,"CI but Primary=N (not the selected model)"
"M. franciscanus","South Point SMR","KFM","Den",-0.327734636119437,0.199559172609949,"Linear","N","CI","NA",TRUE,TRUE,"OK",FALSE,"CI but Primary=N (not the selected model)",TRUE,"OK",FALSE,"CI but Primary=N (not the selected model)"
"M. franciscanus","South Point SMR","KFM","Den",0.609436561145352,0.0970411912272474,"Mean","Y","CI","NA",TRUE,TRUE,"OK",TRUE,"OK",TRUE,"OK",TRUE,"INCLUDED"
"M. franciscanus","Scorpion SMR","KFM","Bio",-1.1836601026663,0.270459784453087,"Step","Y","BACI","N",TRUE,TRUE,"OK",FALSE,"BACI type not included",TRUE,"OK",FALSE,"BACI type not included"
"M. franciscanus","Gull Island SMR","KFM","Bio",1.14600299226874,0.390876032063166,"Linear","Y","pBACIPS","N",TRUE,TRUE,"OK",TRUE,"OK",TRUE,"OK",TRUE,"INCLUDED"
"M. franciscanus","Anacapa Island SMR 2003","KFM","Bio",-2.62183730621177,0.436002555711669,"Linear","Y","CI","NA",TRUE,TRUE,"OK",TRUE,"OK",TRUE,"OK",TRUE,"INCLUDED"
"M. franciscanus","Anacapa Island SMR 2003","KFM","Bio",-2.20964859266047,0.360486589688378,"Mean","N","CI","NA",TRUE,TRUE,"OK",FALSE,"CI but Primary=N (not the selected model)",TRUE,"OK",FALSE,"CI but Primary=N (not the selected model)"
"M. franciscanus","South Point SMR","KFM","Bio",0.236448877445701,0.20569501705216,"Linear","N","CI","NA",TRUE,TRUE,"OK",FALSE,"CI but Primary=N (not the selected model)",TRUE,"OK",FALSE,"CI but Primary=N (not the selected model)"
"M. franciscanus","South Point SMR","KFM","Bio",1.21264752139407,0.0960583731235056,"Mean","Y","CI","NA",TRUE,TRUE,"OK",TRUE,"OK",TRUE,"OK",TRUE,"INCLUDED"
"M. pyrifera","Gull Island SMR","KFM","Bio",5.23478763939902,1.38504464680598,"Linear","Y","pBACIPS","N",TRUE,TRUE,"OK",TRUE,"OK",TRUE,"OK",TRUE,"INCLUDED"
"M. pyrifera","Santa Barbara Island SMR","KFM","Bio",3.91465254834454,1.12529421347562,"Linear","Y","CI","NA",TRUE,TRUE,"OK",TRUE,"OK",TRUE,"OK",TRUE,"INCLUDED"
"M. pyrifera","Santa Barbara Island SMR","KFM","Bio",-1.01556409200801,0.763273596865427,"Mean","N","CI","NA",TRUE,TRUE,"OK",FALSE,"CI but Primary=N (not the selected model)",TRUE,"OK",FALSE,"CI but Primary=N (not the selected model)"
"M. pyrifera","Anacapa Island SMR 2003","KFM","Bio",-4.50499565009021,3.9283323675142,"Linear","N","CI","NA",TRUE,TRUE,"OK",FALSE,"CI but Primary=N (not the selected model)",TRUE,"OK",FALSE,"CI but Primary=N (not the selected model)"
"M. pyrifera","Anacapa Island SMR 2003","KFM","Bio",0.111254218272157,1.8341577656866,"Mean","Y","CI","NA",TRUE,TRUE,"OK",TRUE,"OK",TRUE,"OK",TRUE,"INCLUDED"
"M. pyrifera","South Point SMR","KFM","Bio",3.77105868092256,1.47499560491357,"Linear","Y","CI","NA",TRUE,TRUE,"OK",TRUE,"OK",TRUE,"OK",TRUE,"INCLUDED"
"M. pyrifera","South Point SMR","KFM","Bio",1.85950392172289,0.791245615752442,"Mean","N","CI","NA",TRUE,TRUE,"OK",FALSE,"CI but Primary=N (not the selected model)",TRUE,"OK",FALSE,"CI but Primary=N (not the selected model)"
"P. interruptus","Scorpion SMR","KFM","Den",2.59713110576483,0.307201866648763,"Linear","Y","pBACIPS","N",TRUE,TRUE,"OK",TRUE,"OK",TRUE,"OK",TRUE,"INCLUDED"
"P. interruptus","Santa Barbara Island SMR","KFM","Den",1.99166001901206,0.340628044524764,"Linear","Y","pBACIPS","N",TRUE,TRUE,"OK",TRUE,"OK",TRUE,"OK",TRUE,"INCLUDED"
"P. interruptus","Anacapa Island SMR 2003","KFM","Den",-0.106769644158135,0.670495325005857,"Linear","N","CI","NA",TRUE,TRUE,"OK",FALSE,"CI but Primary=N (not the selected model)",TRUE,"OK",FALSE,"CI but Primary=N (not the selected model)"
"P. interruptus","Anacapa Island SMR 2003","KFM","Den",3.34581387047378,0.300428554094358,"Mean","Y","CI","NA",TRUE,TRUE,"OK",TRUE,"OK",TRUE,"OK",TRUE,"INCLUDED"
"P. interruptus","South Point SMR","KFM","Den",1.04305031833961,0.517404546198308,"Linear","N","CI","NA",TRUE,TRUE,"OK",FALSE,"CI but Primary=N (not the selected model)",TRUE,"OK",FALSE,"CI but Primary=N (not the selected model)"
"P. interruptus","South Point SMR","KFM","Den",0.892415042417804,0.261137903652201,"Mean","Y","CI","NA",TRUE,TRUE,"OK",TRUE,"OK",TRUE,"OK",TRUE,"INCLUDED"
"S. pulcher","Harris Point SMR","KFM","Den",-1.1723159112678,0.511294639640116,"Linear","Y","pBACIPS","N",TRUE,TRUE,"OK",TRUE,"OK",TRUE,"OK",TRUE,"INCLUDED"
"S. pulcher","Scorpion SMR","KFM","Den",-1.5431031404421,0.329899948958551,"Step","Y","BACI","N",TRUE,TRUE,"OK",FALSE,"BACI type not included",TRUE,"OK",FALSE,"BACI type not included"
"S. pulcher","Anacapa Island SMR 2003","KFM","Den",1.23785017343911,0.427348637501092,"Linear","Y","CI","NA",TRUE,TRUE,"OK",TRUE,"OK",TRUE,"OK",TRUE,"INCLUDED"
"S. pulcher","Anacapa Island SMR 2003","KFM","Den",-0.0597770399606189,0.238908827474367,"Mean","N","CI","NA",TRUE,TRUE,"OK",FALSE,"CI but Primary=N (not the selected model)",TRUE,"OK",FALSE,"CI but Primary=N (not the selected model)"
"S. pulcher","South Point SMR","KFM","Den",-0.438746953254186,0.220184782901546,"Linear","N","CI","NA",TRUE,TRUE,"OK",FALSE,"CI but Primary=N (not the selected model)",TRUE,"OK",FALSE,"CI but Primary=N (not the selected model)"
"S. pulcher","South Point SMR","KFM","Den",0.234848861716956,0.110856361511224,"Mean","Y","CI","NA",TRUE,TRUE,"OK",TRUE,"OK",TRUE,"OK",TRUE,"INCLUDED"
"M. pyrifera","Abalone Cove SMCA","Landsat","Bio",3.03865184314377,0.77987706870741,"Linear","Y","pBACIPS","N",TRUE,TRUE,"OK",TRUE,"OK",TRUE,"OK",TRUE,"INCLUDED"
"M. pyrifera","Arrow Point to Lion Head Point SMCA","Landsat","Bio",0.543990007522243,0.617438930190272,"Linear","Y","pBACIPS","N",TRUE,TRUE,"OK",TRUE,"OK",FALSE,"Excluded: finfish fishing allowed",FALSE,"Excluded: finfish fishing allowed"
"M. pyrifera","Cabrillo SMR","Landsat","Bio",-0.121346058407738,1.82584852041793,"Linear","Y","pBACIPS","N",TRUE,TRUE,"OK",TRUE,"OK",TRUE,"OK",TRUE,"INCLUDED"
"M. pyrifera","Campus Point SMCA","Landsat","Bio",0.430780580638753,0.487715386033246,"Linear","Y","pBACIPS","N",TRUE,TRUE,"OK",TRUE,"OK",TRUE,"OK",TRUE,"INCLUDED"
"M. pyrifera","Carrington Pt SMR","Landsat","Bio",2.54963676544019,0.626830943951743,"Linear","Y","pBACIPS","N",TRUE,TRUE,"OK",TRUE,"OK",TRUE,"OK",TRUE,"INCLUDED"
"M. pyrifera","Farnsworth Onshore SMCA","Landsat","Bio",-1.90669813627989,0.97374783184018,"Linear","Y","pBACIPS","N",TRUE,TRUE,"OK",TRUE,"OK",TRUE,"OK",TRUE,"INCLUDED"
"M. pyrifera","Gull Island SMR","Landsat","Bio",0.881113226291068,0.282482971749681,"Linear","Y","pBACIPS","N",TRUE,TRUE,"OK",TRUE,"OK",TRUE,"OK",TRUE,"INCLUDED"
"M. pyrifera","Harris Point SMR","Landsat","Bio",0.746752685696359,0.527825478648335,"Linear","Y","pBACIPS","N",TRUE,TRUE,"OK",TRUE,"OK",TRUE,"OK",TRUE,"INCLUDED"
"M. pyrifera","Judith Rk SMR","Landsat","Bio",-0.217268582504907,0.247941840058991,"Linear","Y","pBACIPS","N",TRUE,TRUE,"OK",TRUE,"OK",FALSE,"Excluded: overlaps San Miguel Island SC",FALSE,"Excluded: overlaps San Miguel Island SC"
"M. pyrifera","Naples SMCA","Landsat","Bio",-0.0921697354669477,0.746358538781738,"Linear","Y","pBACIPS","N",TRUE,TRUE,"OK",TRUE,"OK",TRUE,"OK",TRUE,"INCLUDED"
"M. pyrifera","Point Conception SMR","Landsat","Bio",0.514444904055964,0.559885368749594,"Linear","Y","pBACIPS","N",TRUE,TRUE,"OK",TRUE,"OK",FALSE,"Excluded: data quality",FALSE,"Excluded: data quality"
"M. pyrifera","Point Dume SMCA","Landsat","Bio",0.23939379378832,0.493289358565874,"Linear","Y","pBACIPS","N",TRUE,TRUE,"OK",TRUE,"OK",TRUE,"OK",TRUE,"INCLUDED"
"M. pyrifera","Point Dume SMR","Landsat","Bio",1.0933364193869,1.03343107531993,"Linear","Y","pBACIPS","N",TRUE,TRUE,"OK",TRUE,"OK",TRUE,"OK",TRUE,"INCLUDED"
"M. pyrifera","Point Vicente SMCA","Landsat","Bio",1.829918108139,0.765500293085472,"Linear","Y","pBACIPS","N",TRUE,TRUE,"OK",TRUE,"OK",TRUE,"OK",TRUE,"INCLUDED"
"M. pyrifera","San Miguel Island SC","Landsat","Bio",1.59654836889647,0.371579299355207,"Linear","Y","pBACIPS","N",TRUE,TRUE,"OK",TRUE,"OK",FALSE,"Excluded: unusual location",FALSE,"Excluded: unusual location"
"M. pyrifera","Santa Barbara Island SMR","Landsat","Bio",2.039103037533,0.496280548956125,"Linear","Y","pBACIPS","N",TRUE,TRUE,"OK",TRUE,"OK",TRUE,"OK",TRUE,"INCLUDED"
"M. pyrifera","Skunk Pt SMR","Landsat","Bio",0.77733328079726,0.611011768380126,"Linear","Y","pBACIPS","N",TRUE,TRUE,"OK",TRUE,"OK",TRUE,"OK",TRUE,"INCLUDED"
"M. pyrifera","South La Jolla SMR","Landsat","Bio",3.05811754677068,1.48188268622477,"Linear","Y","pBACIPS","N",TRUE,TRUE,"OK",TRUE,"OK",TRUE,"OK",TRUE,"INCLUDED"
"M. pyrifera","South Point SMR","Landsat","Bio",0.0177530689128501,0.257398252554687,"Linear","Y","pBACIPS","N",TRUE,TRUE,"OK",TRUE,"OK",TRUE,"OK",TRUE,"INCLUDED"
"M. pyrifera","Swamis SMCA","Landsat","Bio",-1.82292323946135,1.09165885900652,"Linear","Y","pBACIPS","N",TRUE,TRUE,"OK",TRUE,"OK",TRUE,"OK",TRUE,"INCLUDED"
